topic_key;topic_label;keywords
-1;Ohne Thema;
0;Informationsfluss im Unternehmen;informationsfluss unternehmens, informationsfluss, relevanten informationen, informationen arbeit, informationen weitergegeben, wichtigen informationen, informationen, wichtige informationen, meetings informationen, bekomme informationen
1;Strategiekommunikation;kommuniziert strategie, strategie unternehmens, strategie, strategische, effektiv gestalten, richtung unternehmen, unternehmens verständlich, klarer kommuniziert, kommuniziert worauf, effektiv
2;Arbeitsumfeld und Wohlbefinden;arbeit angenehm, wohlbefinden mitarbeiter, arbeit erleichtert, arbeit effizient, moderne ausstattung, arbeitsplatzes, arbeitsplatz, produktivität wohlbefinden, arbeitsausstattung, arbeitsplätze
3;Flexible Arbeitszeit;mobile, arbeitszeit flexibel, möglichkeit arbeit, arbeit erledigen, work life, flexibel gestalten, arbeitszeiten, arbeitszeit, arbeite, flexibel hause
4;Arbeitsbelastung;arbeitsmenge terminen, arbeitszeiten, überstunden, überfordert arbeitsmenge, termindruck arbeitsmenge, arbeitsmenge termine, rechtzeitig erledigen, genügend zeit, hohe arbeitsmenge, arbeitsmenge termindruck
5;Fehlerkultur im Unternehmen;fehlern lernen, fehlern unternehmen, fehler passieren, umgang fehlern, positiv fehler, offene fehlerkultur, fehlerkultur, ermutigt fehler, fehler ernst, fehler ausreichend
6;Wertschätzung und Feedback;wertschätzung arbeit, arbeit gewürdigt, arbeit wertgeschätzt, arbeit geschätzt, anerkennung arbeit, feedback vorgesetzten, arbeit feedback, fühle wertgeschätzt, feedback arbeit, arbeit fühle
7;Teamwork und Zusammenarbeit;zusammenarbeit team, team funktioniert, team zusammenarbeiten, schätze zusammenarbeit, effektiver zusammenarbeit, team unterstützen, erlebe zusammenarbeit, team großartig, team klappt, team hervorragend
8;Kommunikation Führungskräfte;führungskraft unklar, kommunikation führungskraft, unzufrieden kommunikation, führungskraft feedback, erlebe kommunikation, hilfreich führungskraft, unsicherheit missverständnissen, informiert kommunikation, führungskraft transparent, führungskraft
9;Ineffiziente Prozesse;prozesse ineffizient, unternehmen ineffizient, prozessen werkzeugen, unklar ineffizient, prozesse werkzeuge, ineffizient, ineffiziente, ineffizienten, prozesse überarbeiten, werkzeuge veraltet
10;Kommunikation Führungskräfte;führungskraft kommuniziert, kommunikation vorgesetzten, kommunikation führungskraft, schätze führungskraft, schätze kommunikation, führungskraft verständlich, offene kommunikation, führungskraft offenes, führungskraft hört, erlebe kommunikation
11;Prozessoptimierung;verbessert prozesse, prozesse werkzeuge, strukturiert effizient, prozessen werkzeugen, effizient zielgerichtet, arbeit effizient, effizient, werkzeuge prozesse, effizienten, aufgaben effizient
12;Entscheidungswege und Verantwortung;entscheidungswege verantwortungszuteilung, entscheidungswege verantwortung, verantwortungszuteilung, entscheidungswege verantwortlichkeiten, verantwortungsbewusstsein, verantwortlichkeiten unternehmen, entscheidungswege verantwortlichkeitsverteilung, zuweisung verantwortlichkeiten, erleichtert zusammenarbeit, verantwortung
13;Mitarbeiterentwicklung;beruflichen entwicklung, berufliche entwicklung, externe schulungen, weiterbildungen entwicklungsmöglichkeiten, entwicklung mitarbeiter, schulungen angeboten, entwicklung unternehmens, entwicklung begrenzt, entwicklungsmöglichkeiten, individuelle entwicklungspläne
14;Weiterbildungswünsche;weiterbildung karriereentwicklung, schulungen fähigkeiten, beruflich entwickeln, karriereentwicklung, beruflich weiterzuentwickeln, entwicklung mitarbeiter, kurse schulungen, weiterbildungsmöglichkeiten unternehmen, interne schulungen, zufrieden weiterbildungsmöglichkeiten
15;Fehlerkultur im Unternehmen;fehlern lernen, fehler lernen, fehlern umgehen, schätze fehlern, schätze fehler, fehler passieren, fehler vermeiden, fehler sprechen, fehlern umgegangen, fehler eingestehen
16;Teamzusammenarbeit;unzufrieden zusammenarbeit, zusammenarbeit team, fühle team, team meetings, teamgeist, zusammenarbeit, team, koordination, teammitglieder, teams
17;Arbeitsbelastung;zufrieden arbeitsmenge, hervorragend arbeitsmenge, arbeit effizient, pünktlich erledigen, arbeitsmenge terminen, projekte rechtzeitig, genügend zeit, arbeitsmenge angemessen, schätze arbeitsmenge, ordentlich erledigen
18;Weiterbildungsmöglichkeiten;beruflich weiterzubilden, kurse schulungen, weiterbildungsangebote, schulungen, unterstützung weiterbildungen, weiterbildung angebote, weiterbildungsmöglichkeiten, möglichkeiten weiterbildung, möglichkeiten weiterzubilden, möglichkeit weiterzubilden
19;Teamwork und Zusammenarbeit;zusammenarbeit team, team funktioniert, eng zusammenarbeiten, team arbeitet, team zusammenarbeiten, zusammenarbeit, zusammenarbeiten, zusammenarbeiten gegenseitig, teams erfolgreich, team lösungen
20;Verantwortungsstrukturen;entscheidungswege verantwortlichkeiten, verantwortlich entscheidungen, verantwortlichkeiten unklar, verantwortung übernehmen, verantwortlichkeiten definieren, verantwortlichkeiten klarer, verantwortung definiert, treffen verantwortlichkeiten, entscheidungen zielgerichtet, handeln entscheidungen
21;Entscheidungsfindung;verantwortlichkeiten festzulegen, schnelle entscheidungen, entscheidungen schneller, unternehmen entscheidungen, entscheidungswege unternehmen, entscheidungen getroffen, unklare verantwortlichkeiten, unternehmen führt, entscheidungswegen, verantwortlichkeiten
22;Teamgeist und Zusammenarbeit;team schätze, teams schätze, unterstützung teams, team herrscht, team gemeinsame, kommunikation teams, froh team, team team, teamgeist zusammenarbeit, team
23;Wertschätzung der Arbeit;arbeit wertschätzung, wertschätzung arbeit, arbeit dankbar, wertgeschätzt arbeit, arbeit geschätzt, wertgeschätzt motiviert, angenehm arbeit, lob vorgesetzten, zufrieden arbeit, anerkennung arbeit
24;Entscheidungsstrukturen;verantwortlichkeiten entscheidungswege, verantwortlichkeiten eindeutiger, entscheidungswege verantwortung, verantwortlichkeiten klarer, positiv entscheidungen, entscheidungen ermöglichen, entscheidungswege klarer, diskutiert entscheidung, entscheidungswege geregelt, entscheidungen kommuniziert
25;Weiterbildungsmöglichkeiten;kurse schulungen, schulungen fähigkeiten, fähigkeiten erlernen, schulung, schulungen, erlernen, teilzunehmen fähigkeiten, teilnehmen fähigkeiten, weiterzubilden fähigkeiten, gerne kurs
26;Arbeitsbedingungen;erleichtert arbeitsalltag, flexible arbeitszeiten, arbeitszeit, arbeite gerne, arbeitszeiten, homeoffice, arbeitsalltag, arbeitsausstattung, arbeite, arbeit hause
27;Digitalisierung im Arbeitsalltag;jahren digitalisierung, digitalen tools, digitalisierung gesetzt, digitale tools, effizienz steigern, digitalisierung, werkzeuge effektiv, bedienen technische, digitalen, effizienter
28;Entscheidungsfindung;führt fehlentscheidungen, gefühl entscheidungen, erlebe entscheidungen, fehlentscheidungen, entscheidungen einbezogen, entscheidungen getroffen, weise entscheidungen, entscheidungswege geregelt, entscheidung getroffen, wichtige entscheidung
29;Führung und Entscheidungen;führungskraft informiert, chef unterstützt, schätze führungskraft, chef, chef zeit, mitarbeiter wichtige, führungskraft, informiert, unterstützt entscheidungen, entscheidungen beteiligt
30;Entscheidungsfindung;mitarbeiter entscheidungen, entscheidungsgewalt, entscheidungen einbezogen, vorgesetzten, entscheidung getroffen, entscheidungsprozessen, verantwortungsbereiche, trifft entscheidungen, demotiviert, missverständnisse
31;Feedback und Führung;regelmäßigen feedback, feedback gespräche, feedback, feedback system, vorgesetzten schätze, vorgesetzten leistungen, vorgesetzten arbeit, arbeit schätze, arbeit wertgeschätzt, vorgesetzten
32;Teamarbeit und Erfolg;hervorragend zusammengearbeitet, projekt erfolgreich, team projekt, teamprojekt, gemeinsam erfolgreich, eng zusammengearbeitet, projekt gemeinsam, schätze team, team motiviert, zusammenarbeit
33;Transparenz und Kommunikation;wünsche transparenz, transparenz interne, transparenz, kommunikation kommunikation, interne kommunikation, kommunikation, geheimniskrämerei, dialog, intrigen, wünsche
